-- 적립취소 테스트용 데이터 (UUID 기반)
-- member_id: 2001 ~ 2010
-- ledger_id: 2001 ~ 2020
-- transaction_id: 2001 ~ 2020

-- CE-T01: 미사용 적립건 (취소 가능)
INSERT INTO member_point (member_id, total_balance, created_at, updated_at)
VALUES (X'00000000000000000000000000002001', 1000, CURRENT_TIMESTAMP, CURRENT_TIMESTAMP);

INSERT INTO point_ledger (id, member_id, earned_amount, available_amount, used_amount, earn_type, expired_at, is_canceled, created_at, updated_at)
VALUES (X'00000000000000000000000000002001', X'00000000000000000000000000002001', 1000, 1000, 0, 'SYSTEM', DATEADD('DAY', 365, CURRENT_TIMESTAMP), false, CURRENT_TIMESTAMP, CURRENT_TIMESTAMP);

INSERT INTO point_transaction (id, member_id, type, amount, ledger_id, created_at)
VALUES (X'00000000000000000000000000002001', X'00000000000000000000000000002001', 'EARN', 1000, X'00000000000000000000000000002001', CURRENT_TIMESTAMP);

-- CE-T02: 일부 사용된 적립건
INSERT INTO member_point (member_id, total_balance, created_at, updated_at)
VALUES (X'00000000000000000000000000002002', 500, CURRENT_TIMESTAMP, CURRENT_TIMESTAMP);

INSERT INTO point_ledger (id, member_id, earned_amount, available_amount, used_amount, earn_type, expired_at, is_canceled, created_at, updated_at)
VALUES (X'00000000000000000000000000002002', X'00000000000000000000000000002002', 1000, 500, 500, 'SYSTEM', DATEADD('DAY', 365, CURRENT_TIMESTAMP), false, CURRENT_TIMESTAMP, CURRENT_TIMESTAMP);

INSERT INTO point_transaction (id, member_id, type, amount, ledger_id, created_at)
VALUES (X'00000000000000000000000000002002', X'00000000000000000000000000002002', 'EARN', 1000, X'00000000000000000000000000002002', CURRENT_TIMESTAMP);

INSERT INTO point_transaction (id, member_id, type, amount, order_id, created_at)
VALUES (X'00000000000000000000000000002003', X'00000000000000000000000000002002', 'USE', 500, 'ORDER-CE-T02', CURRENT_TIMESTAMP);

INSERT INTO point_usage_detail (id, transaction_id, ledger_id, used_amount, canceled_amount, created_at, updated_at)
VALUES (X'00000000000000000000000000002001', X'00000000000000000000000000002003', X'00000000000000000000000000002002', 500, 0, CURRENT_TIMESTAMP, CURRENT_TIMESTAMP);

-- CE-T03: 전액 사용된 적립건
INSERT INTO member_point (member_id, total_balance, created_at, updated_at)
VALUES (X'00000000000000000000000000002003', 0, CURRENT_TIMESTAMP, CURRENT_TIMESTAMP);

INSERT INTO point_ledger (id, member_id, earned_amount, available_amount, used_amount, earn_type, expired_at, is_canceled, created_at, updated_at)
VALUES (X'00000000000000000000000000002003', X'00000000000000000000000000002003', 1000, 0, 1000, 'SYSTEM', DATEADD('DAY', 365, CURRENT_TIMESTAMP), false, CURRENT_TIMESTAMP, CURRENT_TIMESTAMP);

INSERT INTO point_transaction (id, member_id, type, amount, ledger_id, created_at)
VALUES (X'00000000000000000000000000002004', X'00000000000000000000000000002003', 'EARN', 1000, X'00000000000000000000000000002003', CURRENT_TIMESTAMP);

INSERT INTO point_transaction (id, member_id, type, amount, order_id, created_at)
VALUES (X'00000000000000000000000000002005', X'00000000000000000000000000002003', 'USE', 1000, 'ORDER-CE-T03', CURRENT_TIMESTAMP);

INSERT INTO point_usage_detail (id, transaction_id, ledger_id, used_amount, canceled_amount, created_at, updated_at)
VALUES (X'00000000000000000000000000002002', X'00000000000000000000000000002005', X'00000000000000000000000000002003', 1000, 0, CURRENT_TIMESTAMP, CURRENT_TIMESTAMP);

-- CE-T04: 이미 취소된 적립건
INSERT INTO member_point (member_id, total_balance, created_at, updated_at)
VALUES (X'00000000000000000000000000002004', 0, CURRENT_TIMESTAMP, CURRENT_TIMESTAMP);

INSERT INTO point_ledger (id, member_id, earned_amount, available_amount, used_amount, earn_type, expired_at, is_canceled, created_at, updated_at)
VALUES (X'00000000000000000000000000002004', X'00000000000000000000000000002004', 1000, 0, 0, 'SYSTEM', DATEADD('DAY', 365, CURRENT_TIMESTAMP), true, CURRENT_TIMESTAMP, CURRENT_TIMESTAMP);

INSERT INTO point_transaction (id, member_id, type, amount, ledger_id, created_at)
VALUES (X'00000000000000000000000000002006', X'00000000000000000000000000002004', 'EARN', 1000, X'00000000000000000000000000002004', CURRENT_TIMESTAMP);

INSERT INTO point_transaction (id, member_id, type, amount, ledger_id, created_at)
VALUES (X'00000000000000000000000000002007', X'00000000000000000000000000002004', 'EARN_CANCEL', 1000, X'00000000000000000000000000002004', CURRENT_TIMESTAMP);
